{"cameraMode":{"drawMode":0,"name":"Shaded","section":"Shading Mode"},"sceneLighting":true,"audioPlay":false,"sceneViewState":{"m_AlwaysRefresh":false,"showFog":true,"showSkybox":true,"showFlares":true,"showImageEffects":true,"showParticleSystems":true,"showVisualEffectGraphs":true,"m_FxEnabled":true},"in2DMode":false,"pivot":{"x":338.28607177734377,"y":277.686767578125,"z":390.36798095703127},"rotation":{"x":-0.007451190613210201,"y":0.11465289443731308,"z":-0.0008603865862824023,"w":-0.993383526802063},"size":1131.118896484375,"orthographic":false}