{"cameraMode":{"drawMode":0,"name":"Shaded","section":"Shading Mode"},"sceneLighting":true,"audioPlay":false,"sceneViewState":{"m_AlwaysRefresh":false,"showFog":true,"showSkybox":true,"showFlares":true,"showImageEffects":true,"showParticleSystems":true,"showVisualEffectGraphs":true,"m_FxEnabled":true},"in2DMode":false,"pivot":{"x":6.625996112823486,"y":18.03580093383789,"z":-27.47532081604004},"rotation":{"x":0.28862667083740237,"y":-0.12733465433120728,"z":0.038762226700782779,"w":0.9481438398361206},"size":8.250001907348633,"orthographic":false}