{"cameraMode":{"drawMode":0,"name":"Shaded","section":"Shading Mode"},"sceneLighting":false,"audioPlay":false,"sceneViewState":{"m_AlwaysRefresh":false,"showFog":true,"showSkybox":false,"showFlares":true,"showImageEffects":true,"showParticleSystems":true,"showVisualEffectGraphs":true,"m_FxEnabled":true},"in2DMode":false,"pivot":{"x":0.13822180032730103,"y":1.2288784980773926,"z":-3.5482449531555177},"rotation":{"x":-0.007507735397666693,"y":0.9864271283149719,"z":-0.15697163343429566,"w":-0.0470871664583683},"size":5.420762062072754,"orthographic":false}