{"cameraMode":{"drawMode":0,"name":"Shaded","section":"Shading Mode"},"sceneLighting":false,"audioPlay":false,"sceneViewState":{"m_AlwaysRefresh":false,"showFog":true,"showSkybox":false,"showFlares":true,"showImageEffects":true,"showParticleSystems":true,"showVisualEffectGraphs":true,"m_FxEnabled":true},"in2DMode":false,"pivot":{"x":0.41662561893463137,"y":3.361752986907959,"z":23.751808166503908},"rotation":{"x":-0.10755100846290589,"y":-0.06646987795829773,"z":0.007216298021376133,"w":-0.9919742941856384},"size":2.970714569091797,"orthographic":false}